<ImportExportXml xmlns:xsi="http://www.w3.org/2001/XMLSchema-instance">
  <Entities>
    <Entity>
      <Name LocalizedName="Environment" OriginalName="Environment">admin_Environment</Name>
      <EntityInfo>
        <entity Name="admin_Environment">
          <attributes>
            <attribute PhysicalName="ctd_DataCapacityActualConsumption">
              <Type>decimal</Type>
              <Name>ctd_datacapacityactualconsumption</Name>
              <LogicalName>ctd_datacapacityactualconsumption</LogicalName>
              <RequiredLevel>none</RequiredLevel>
              <DisplayMask>ValidForAdvancedFind|ValidForForm|ValidForGrid</DisplayMask>
              <ImeMode>auto</ImeMode>
              <ValidForUpdateApi>1</ValidForUpdateApi>
              <ValidForReadApi>1</ValidForReadApi>
              <ValidForCreateApi>1</ValidForCreateApi>
              <IsCustomField>1</IsCustomField>
              <IsAuditEnabled>1</IsAuditEnabled>
              <IsSecured>0</IsSecured>
              <IntroducedVersion>1.0.0.0</IntroducedVersion>
              <IsCustomizable>1</IsCustomizable>
              <IsRenameable>1</IsRenameable>
              <CanModifySearchSettings>1</CanModifySearchSettings>
              <CanModifyRequirementLevelSettings>1</CanModifyRequirementLevelSettings>
              <CanModifyAdditionalSettings>1</CanModifyAdditionalSettings>
              <SourceType>0</SourceType>
              <IsGlobalFilterEnabled>0</IsGlobalFilterEnabled>
              <IsSortableEnabled>0</IsSortableEnabled>
              <CanModifyGlobalFilterSettings>1</CanModifyGlobalFilterSettings>
              <CanModifyIsSortableSettings>1</CanModifyIsSortableSettings>
              <IsDataSourceSecret>0</IsDataSourceSecret>
              <AutoNumberFormat></AutoNumberFormat>
              <IsSearchable>0</IsSearchable>
              <IsFilterable>0</IsFilterable>
              <IsRetrievable>0</IsRetrievable>
              <IsLocalizable>0</IsLocalizable>
              <MinValue>-100000000000</MinValue>
              <MaxValue>100000000000</MaxValue>
              <Accuracy>2</Accuracy>
              <displaynames>
                <displayname description="Data Capacity (Actual Consumption) (GB)" languagecode="1033" />
              </displaynames>
              <Descriptions>
                <Description description="The actual capacity consumption (in GB) for the target environment." languagecode="1033" />
              </Descriptions>
            </attribute>
            <attribute PhysicalName="ctd_DataCapacityPercentConsumed">
              <Type>decimal</Type>
              <Name>ctd_datacapacitypercentconsumed</Name>
              <LogicalName>ctd_datacapacitypercentconsumed</LogicalName>
              <RequiredLevel>none</RequiredLevel>
              <DisplayMask>ValidForAdvancedFind|ValidForForm|ValidForGrid</DisplayMask>
              <ImeMode>auto</ImeMode>
              <ValidForUpdateApi>1</ValidForUpdateApi>
              <ValidForReadApi>1</ValidForReadApi>
              <ValidForCreateApi>1</ValidForCreateApi>
              <IsCustomField>1</IsCustomField>
              <IsAuditEnabled>0</IsAuditEnabled>
              <IsSecured>0</IsSecured>
              <IntroducedVersion>1.0.0.0</IntroducedVersion>
              <IsCustomizable>1</IsCustomizable>
              <IsRenameable>1</IsRenameable>
              <CanModifySearchSettings>1</CanModifySearchSettings>
              <CanModifyRequirementLevelSettings>1</CanModifyRequirementLevelSettings>
              <CanModifyAdditionalSettings>1</CanModifyAdditionalSettings>
              <SourceType>1</SourceType>
              <IsGlobalFilterEnabled>0</IsGlobalFilterEnabled>
              <IsSortableEnabled>0</IsSortableEnabled>
              <CanModifyGlobalFilterSettings>1</CanModifyGlobalFilterSettings>
              <CanModifyIsSortableSettings>1</CanModifyIsSortableSettings>
              <IsDataSourceSecret>0</IsDataSourceSecret>
              <AutoNumberFormat></AutoNumberFormat>
              <IsSearchable>0</IsSearchable>
              <IsFilterable>0</IsFilterable>
              <IsRetrievable>0</IsRetrievable>
              <IsLocalizable>0</IsLocalizable>
              <MinValue>-100000000000</MinValue>
              <MaxValue>100000000000</MaxValue>
              <Accuracy>2</Accuracy>
              <displaynames>
                <displayname description="Data Capacity (Percent Consumed)" languagecode="1033" />
              </displaynames>
              <Descriptions>
                <Description description="Calculated percentage of (Rated) Data capacity consumed." languagecode="1033" />
              </Descriptions>
              <FormulaDefinitionFileName>/Formulas/admin_environment-ctd_datacapacitypercentconsumed.xaml</FormulaDefinitionFileName>
            </attribute>
            <attribute PhysicalName="ctd_DataCapacityRatedConsumptionGB">
              <Type>decimal</Type>
              <Name>ctd_datacapacityratedconsumptiongb</Name>
              <LogicalName>ctd_datacapacityratedconsumptiongb</LogicalName>
              <RequiredLevel>none</RequiredLevel>
              <DisplayMask>ValidForAdvancedFind|ValidForForm|ValidForGrid</DisplayMask>
              <ImeMode>auto</ImeMode>
              <ValidForUpdateApi>1</ValidForUpdateApi>
              <ValidForReadApi>1</ValidForReadApi>
              <ValidForCreateApi>1</ValidForCreateApi>
              <IsCustomField>1</IsCustomField>
              <IsAuditEnabled>1</IsAuditEnabled>
              <IsSecured>0</IsSecured>
              <IntroducedVersion>2.0.0.2</IntroducedVersion>
              <IsCustomizable>1</IsCustomizable>
              <IsRenameable>1</IsRenameable>
              <CanModifySearchSettings>1</CanModifySearchSettings>
              <CanModifyRequirementLevelSettings>1</CanModifyRequirementLevelSettings>
              <CanModifyAdditionalSettings>1</CanModifyAdditionalSettings>
              <SourceType>0</SourceType>
              <IsGlobalFilterEnabled>0</IsGlobalFilterEnabled>
              <IsSortableEnabled>0</IsSortableEnabled>
              <CanModifyGlobalFilterSettings>1</CanModifyGlobalFilterSettings>
              <CanModifyIsSortableSettings>1</CanModifyIsSortableSettings>
              <IsDataSourceSecret>0</IsDataSourceSecret>
              <AutoNumberFormat></AutoNumberFormat>
              <IsSearchable>0</IsSearchable>
              <IsFilterable>0</IsFilterable>
              <IsRetrievable>0</IsRetrievable>
              <IsLocalizable>0</IsLocalizable>
              <MinValue>0</MinValue>
              <MaxValue>100000000000</MaxValue>
              <Accuracy>2</Accuracy>
              <displaynames>
                <displayname description="Data Capacity (Rated Consumption) (GB)" languagecode="1033" />
              </displaynames>
              <Descriptions>
                <Description description="Rated Consumption value in GB at a point in time." languagecode="1033" />
              </Descriptions>
            </attribute>
            <attribute PhysicalName="ctd_DataCapacityTarget">
              <Type>decimal</Type>
              <Name>ctd_datacapacitytarget</Name>
              <LogicalName>ctd_datacapacitytarget</LogicalName>
              <RequiredLevel>none</RequiredLevel>
              <DisplayMask>ValidForAdvancedFind|ValidForForm|ValidForGrid</DisplayMask>
              <ImeMode>auto</ImeMode>
              <ValidForUpdateApi>1</ValidForUpdateApi>
              <ValidForReadApi>1</ValidForReadApi>
              <ValidForCreateApi>1</ValidForCreateApi>
              <IsCustomField>1</IsCustomField>
              <IsAuditEnabled>1</IsAuditEnabled>
              <IsSecured>0</IsSecured>
              <IntroducedVersion>1.0.0.0</IntroducedVersion>
              <IsCustomizable>1</IsCustomizable>
              <IsRenameable>1</IsRenameable>
              <CanModifySearchSettings>1</CanModifySearchSettings>
              <CanModifyRequirementLevelSettings>1</CanModifyRequirementLevelSettings>
              <CanModifyAdditionalSettings>1</CanModifyAdditionalSettings>
              <SourceType>0</SourceType>
              <IsGlobalFilterEnabled>0</IsGlobalFilterEnabled>
              <IsSortableEnabled>0</IsSortableEnabled>
              <CanModifyGlobalFilterSettings>1</CanModifyGlobalFilterSettings>
              <CanModifyIsSortableSettings>1</CanModifyIsSortableSettings>
              <IsDataSourceSecret>0</IsDataSourceSecret>
              <AutoNumberFormat></AutoNumberFormat>
              <IsSearchable>0</IsSearchable>
              <IsFilterable>0</IsFilterable>
              <IsRetrievable>0</IsRetrievable>
              <IsLocalizable>0</IsLocalizable>
              <MinValue>-100000000000</MinValue>
              <MaxValue>100000000000</MaxValue>
              <Accuracy>2</Accuracy>
              <displaynames>
                <displayname description="Data Capacity (Target Threshold) (GB)" languagecode="1033" />
              </displaynames>
              <Descriptions>
                <Description description="The target capacity (in GB) for the target environment." languagecode="1033" />
              </Descriptions>
            </attribute>
          </attributes>
        </entity>
      </EntityInfo>
      <FormXml>
        <forms type="main">
          <systemform>
            <formid>{45c7c71a-a302-eb11-a813-000d3a569653}</formid>
            <IntroducedVersion>1.0.0.0</IntroducedVersion>
            <FormPresentation>1</FormPresentation>
            <FormActivationState>1</FormActivationState>
            <form shownavigationbar="true" showImage="false" maxWidth="1920" headerdensity="HighWithControls">
              <tabs>
                <tab verticallayout="true" id="{8bec5d45-f0de-4f9d-967d-bae8a3dd2962}" IsUserDefined="1" name="{8bec5d45-f0de-4f9d-967d-bae8a3dd2962}" locklevel="0" expanded="true" showlabel="true" labelid="{789e46ad-df97-42c9-a581-cdbd933fe9c6}">
                  <labels>
                    <label description="General" languagecode="1033" />
                  </labels>
                  <columns>
                    <column width="34%">
                      <sections>
                        <section showlabel="true" showbar="true" IsUserDefined="0" id="{29bde98b-e7a0-4908-a14a-49790ccde6b7}" name="{29bde98b-e7a0-4908-a14a-49790ccde6b7}" columns="1" locklevel="0" labelwidth="130" celllabelalignment="Left" celllabelposition="Left" labelid="{8f8679db-4c4e-4a3e-aa41-a46145cb4f6b}">
                          <labels>
                            <label description="Apps" languagecode="1033" />
                          </labels>
                          <rows>
                            <row>
                              <cell id="{673ea2b9-3cd0-cb3c-01c1-12cdb4041697}" showlabel="false" colspan="1" auto="false" rowspan="6" labelid="{0c133ce0-57ba-4779-a7fd-4a7cb267655d}">
                                <labels>
                                  <label description="Apps (App Environment)" languagecode="1033" />
                                </labels>
                                <control id="Apps" classid="{E7A81278-8635-4d9e-8D4D-59480B391C5B}" indicationOfSubgrid="true" uniqueid="{d426a30c-e2b0-866e-8794-619320b290eb}">
                                  <parameters>
                                    <ViewId>{EEFE7AED-996E-E911-A83D-000D3A375888}</ViewId>
                                    <IsUserView>false</IsUserView>
                                    <RelationshipName>admin_rel_AppEnvironment</RelationshipName>
                                    <TargetEntityType>admin_app</TargetEntityType>
                                    <AutoExpand>Fixed</AutoExpand>
                                    <EnableQuickFind>false</EnableQuickFind>
                                    <EnableViewPicker>false</EnableViewPicker>
                                    <ViewIds>{C454B997-4940-436B-B2DB-31F344DDC4BF},{EEFE7AED-996E-E911-A83D-000D3A375888}</ViewIds>
                                    <EnableJumpBar>false</EnableJumpBar>
                                    <ChartGridMode>All</ChartGridMode>
                                    <VisualizationId />
                                    <IsUserChart>false</IsUserChart>
                                    <EnableChartPicker>true</EnableChartPicker>
                                    <RecordsPerPage>4</RecordsPerPage>
                                    <HeaderColorCode>#F3F3F3</HeaderColorCode>
                                  </parameters>
                                </control>
                              </cell>
                            </row>
                            <row />
                            <row />
                            <row />
                            <row />
                            <row />
                            <row>
                              <cell id="{412ea339-1e25-470e-072e-3459ec560582}" showlabel="true" locklevel="0" labelid="{14b6cbfd-786c-46c2-9e26-1ed39eb1af9c}">
                                <labels>
                                  <label description="Number Of Apps" languagecode="1033" />
                                </labels>
                                <control id="admin_numberofapps" classid="{C6D124CA-7EDA-4a60-AEA9-7FB8D318B68F}" datafieldname="admin_numberofapps" disabled="false" />
                              </cell>
                            </row>
                            <row>
                              <cell id="{08a247ff-4dcd-41e4-bfbd-014bbc75b243}" showlabel="true" locklevel="0" visible="false" labelid="{79e70d6e-5624-420f-927b-67ad4884ec83}">
                                <labels>
                                  <label description="Display Name" languagecode="1033" />
                                </labels>
                                <control id="admin_displayname" classid="{4273EDBD-AC1D-40d3-9FB2-095C621B552D}" datafieldname="admin_displayname" uniqueid="{19a1b0c6-6e6c-9b2b-b438-644530b0c59c}" disabled="false" />
                              </cell>
                            </row>
                            <row>
                              <cell id="{bb28c7f3-0b77-4023-885d-ff79f01b6175}" showlabel="true" locklevel="1" visible="false" labelid="{8b6fcbb5-e67d-4329-81de-a0c6fd7146b5}">
                                <labels>
                                  <label description="Owner" languagecode="1033" />
                                </labels>
                                <control id="ownerid" classid="{270BD3DB-D9AF-4782-9025-509E298DEC0A}" datafieldname="ownerid" uniqueid="{50b13885-4078-30d0-07bb-0682773d22e0}" disabled="false">
                                  <parameters>
                                    <AutoResolve>true</AutoResolve>
                                    <DisableMru>false</DisableMru>
                                  </parameters>
                                </control>
                              </cell>
                            </row>
                          </rows>
                        </section>
                      </sections>
                    </column>
                    <column width="33%">
                      <sections>
                        <section name="{8bec5d45-f0de-4f9d-967d-bae8a3dd2962}_section_4" showlabel="true" showbar="true" locklevel="0" id="{1421a5e6-b46d-7446-3529-3c4014059ab0}" IsUserDefined="0" layout="varwidth" columns="1" labelwidth="115" celllabelalignment="Left" celllabelposition="Left" labelid="{f58be23f-53ee-4a95-9b44-f7c25a98fb2c}">
                          <labels>
                            <label description="Flows" languagecode="1033" />
                          </labels>
                          <rows>
                            <row>
                              <cell id="{3119c5ba-711d-3a44-aca1-62377a90b735}" showlabel="false" colspan="1" auto="false" rowspan="6" labelid="{80db8e66-cab2-4325-abb6-63d58cef792e}">
                                <labels>
                                  <label description="Flows (Flow Environment)" languagecode="1033" />
                                </labels>
                                <control id="Flows" classid="{E7A81278-8635-4d9e-8D4D-59480B391C5B}" indicationOfSubgrid="true" uniqueid="{691424eb-b8c7-aa5a-19e7-0c4e5e40e156}">
                                  <parameters>
                                    <ViewId>{59E986B5-C270-E911-A833-000D3A375590}</ViewId>
                                    <IsUserView>false</IsUserView>
                                    <RelationshipName>admin_Flow_FlowEnvironment_admin_Environm</RelationshipName>
                                    <TargetEntityType>admin_flow</TargetEntityType>
                                    <AutoExpand>Fixed</AutoExpand>
                                    <EnableQuickFind>false</EnableQuickFind>
                                    <EnableViewPicker>false</EnableViewPicker>
                                    <ViewIds>{3B6D0CB9-B36D-4AC9-A5C4-3FF2FDD92C89},{59E986B5-C270-E911-A833-000D3A375590}</ViewIds>
                                    <EnableJumpBar>false</EnableJumpBar>
                                    <ChartGridMode>All</ChartGridMode>
                                    <VisualizationId />
                                    <IsUserChart>false</IsUserChart>
                                    <EnableChartPicker>true</EnableChartPicker>
                                    <RecordsPerPage>4</RecordsPerPage>
                                    <HeaderColorCode>#F3F3F3</HeaderColorCode>
                                  </parameters>
                                </control>
                              </cell>
                            </row>
                            <row />
                            <row />
                            <row />
                            <row />
                            <row />
                            <row>
                              <cell id="{21d65e91-252c-92de-d1a2-2ce9a8b373da}" showlabel="true" locklevel="0" labelid="{14eb1a86-31e2-4602-868b-892b1b78c53d}">
                                <labels>
                                  <label description="Number Of Flows" languagecode="1033" />
                                </labels>
                                <control id="admin_numberofflows" classid="{C6D124CA-7EDA-4a60-AEA9-7FB8D318B68F}" datafieldname="admin_numberofflows" disabled="false" uniqueid="{0438aaa7-b26c-85b2-3195-7577a1e4770b}" />
                              </cell>
                            </row>
                          </rows>
                        </section>
                      </sections>
                    </column>
                    <column width="33%">
                      <sections>
                        <section name="{8bec5d45-f0de-4f9d-967d-bae8a3dd2962}_section_5" id="c64a5661-2561-4462-b631-a7be0cd1c398" IsUserDefined="0" locklevel="0" showlabel="true" showbar="false" layout="varwidth" celllabelalignment="Left" celllabelposition="Left" columns="1" labelwidth="115" labelid="{44d44a36-11c8-47e9-b014-6ee42eedc8d5}">
                          <labels>
                            <label description="Capacity" languagecode="1033" />
                          </labels>
                          <rows>
                            <row>
                              <cell id="{31eb6255-97a1-4ca3-a4d3-686d47dcc521}" locklevel="0" labelid="{f78b652f-7e79-41b6-b41f-ea58c0560811}">
                                <labels>
                                  <label description="Data Capacity (Percent Consumed)" languagecode="1033" />
                                </labels>
                                <control id="ctd_datacapacitypercentconsumed" classid="{F9A8A302-114E-466A-B582-6771B2AE0D92}" datafieldname="ctd_datacapacitypercentconsumed" disabled="false" uniqueid="{6ccecd9e-953a-4afe-9749-cf0bbdcde781}" />
                              </cell>
                            </row>
                            <row>
                              <cell id="{831a52f5-9bcc-432a-a714-aae17ce78df1}" locklevel="0" labelid="{1ab00fb9-d62b-4392-99ed-6d4c081b87d7}">
                                <labels>
                                  <label description="Data Capacity (Actual Consumption) (GB)" languagecode="1033" />
                                </labels>
                                <control id="ctd_datacapacityactualconsumption" classid="{C3EFE0C3-0EC6-42BE-8349-CBD9079DFD8E}" datafieldname="ctd_datacapacityactualconsumption" disabled="true" />
                              </cell>
                            </row>
                            <row>
                              <cell id="{4f8446cd-5f06-46dc-9a60-53cd02cf65cc}" locklevel="0">
                                <labels>
                                  <label description="Data Capacity (Rated Consumption) (GB)" languagecode="1033" />
                                </labels>
                                <control id="ctd_datacapacityratedconsumptiongb" classid="{C3EFE0C3-0EC6-42BE-8349-CBD9079DFD8E}" datafieldname="ctd_datacapacityratedconsumptiongb" disabled="true" />
                              </cell>
                            </row>
                            <row>
                              <cell id="{d9102ccb-87d8-4461-92d9-758e89b866de}" locklevel="0" labelid="{fcd61b43-f01d-4095-a26f-33edbb1a83da}">
                                <labels>
                                  <label description="Data Capacity (Target Threshold)" languagecode="1033" />
                                </labels>
                                <control id="ctd_datacapacitytarget" classid="{C3EFE0C3-0EC6-42BE-8349-CBD9079DFD8E}" datafieldname="ctd_datacapacitytarget" disabled="false" />
                              </cell>
                            </row>
                          </rows>
                        </section>
                      </sections>
                    </column>
                  </columns>
                </tab>
                <tab name="tab_2" id="{1312ce35-5cdc-a951-0a10-825757603a13}" IsUserDefined="0" locklevel="0" showlabel="true" labelid="{c52b02fc-eee3-4e51-99bf-e45e25e3fffc}">
                  <labels>
                    <label description="Notes" languagecode="1033" />
                  </labels>
                  <columns>
                    <column width="100%">
                      <sections>
                        <section showlabel="false" showbar="false" id="{71660f14-379b-419e-ad30-fd92d025f263}" IsUserDefined="0" height="auto" labelid="{5b6cefce-9dc9-4750-a0fb-767285eebfa0}">
                          <labels>
                            <label description="Notes" languagecode="1033" />
                          </labels>
                          <rows>
                            <row>
                              <cell showlabel="false" rowspan="15" auto="false" id="{15e67a76-c3e0-4c87-bf29-de5993c33154}" labelid="{ae1864d6-efa4-42aa-8306-d19151f84f6d}">
                                <labels>
                                  <label description="Note Text" languagecode="1033" />
                                </labels>
                                <control id="notescontrol" classid="{06375649-c143-495e-a496-c962e5b4488e}">
                                  <parameters>
                                    <DefaultTabId>NotesTab</DefaultTabId>
                                  </parameters>
                                </control>
                              </cell>
                            </row>
                            <row />
                            <row />
                            <row />
                            <row />
                            <row />
                            <row />
                            <row />
                            <row />
                            <row />
                            <row />
                            <row />
                            <row />
                            <row />
                            <row height="auto" />
                          </rows>
                        </section>
                        <section name="tab_2_section_1" showlabel="false" showbar="false" locklevel="0" id="{1ed050c7-1d6d-95b7-c2d8-c91ce82bea30}" IsUserDefined="0" layout="varwidth" columns="1" labelwidth="115" labelid="{e5307212-eb72-4f69-b470-846e639ba8b3}">
                          <labels>
                            <label description="Section" languagecode="1033" />
                          </labels>
                          <rows>
                            <row>
                              <cell id="{2aebc51c-27a1-ed64-8ca0-8cd1ca93b008}" showlabel="false" labelid="{eedea5c5-bbd4-44b7-b7ca-bf743a67371a}">
                                <labels>
                                  <label description="" languagecode="1033" />
                                </labels>
                              </cell>
                            </row>
                          </rows>
                        </section>
                      </sections>
                    </column>
                  </columns>
                </tab>
              </tabs>
              <header id="{b7b765e7-d60e-4e12-9c23-e28173eaa9d9}" columns="111">
                <rows>
                  <row>
                    <cell id="{71e8c663-3bf6-475c-a298-ac543c851a94}" showlabel="false" labelid="{756cd9e6-ebda-474b-bbde-35929b82485f}">
                      <labels>
                        <label description="" languagecode="1033" />
                      </labels>
                    </cell>
                    <cell id="{2784dd29-a1dd-dbed-3738-13c5a402d246}" showlabel="true" locklevel="0" labelid="{568f2f2d-905e-42b6-9427-51fe272de23d}">
                      <labels>
                        <label description="Environment Maker" languagecode="1033" />
                      </labels>
                      <control id="header_admin_maker" classid="{270BD3DB-D9AF-4782-9025-509E298DEC0A}" datafieldname="admin_maker" disabled="true" uniqueid="{a1e1a8bc-2120-1b4d-752e-95589de38263}">
                        <parameters>
                          <AutoResolve>true</AutoResolve>
                          <DisableMru>false</DisableMru>
                          <DisableQuickFind>false</DisableQuickFind>
                          <DisableViewPicker>false</DisableViewPicker>
                          <DefaultViewId>{32CB5052-A761-447D-B592-5641A097A171}</DefaultViewId>
                          <AllowFilterOff>false</AllowFilterOff>
                        </parameters>
                      </control>
                    </cell>
                    <cell id="{84bf5870-1629-4ef4-9f8f-cd89c7ed9b23}" showlabel="true" locklevel="0" labelid="{bba0e62b-690d-4dc8-bf76-064fefbbfa96}">
                      <labels>
                        <label description="Environment Created On" languagecode="1033" />
                      </labels>
                      <control id="header_admin_environmentcreatedon" classid="{5B773807-9FB2-42db-97C3-7A91EFF8ADFF}" datafieldname="admin_environmentcreatedon" disabled="true" />
                    </cell>
                  </row>
                </rows>
              </header>
              <Navigation>
                <NavBar />
                <NavBarAreas>
                  <NavBarArea Id="Info">
                    <Titles>
                      <Title LCID="1033" Text="Common" />
                    </Titles>
                  </NavBarArea>
                  <NavBarArea Id="Sales">
                    <Titles>
                      <Title LCID="1033" Text="Sales" />
                    </Titles>
                  </NavBarArea>
                  <NavBarArea Id="Service">
                    <Titles>
                      <Title LCID="1033" Text="Service" />
                    </Titles>
                  </NavBarArea>
                  <NavBarArea Id="Marketing">
                    <Titles>
                      <Title LCID="1033" Text="Marketing" />
                    </Titles>
                  </NavBarArea>
                  <NavBarArea Id="ProcessCenter">
                    <Titles>
                      <Title LCID="1033" Text="Process Sessions" />
                    </Titles>
                  </NavBarArea>
                </NavBarAreas>
              </Navigation>
              <controlDescriptions>
                <controlDescription forControl="{6ccecd9e-953a-4afe-9749-cf0bbdcde781}">
                  <customControl id="{C3EFE0C3-0EC6-42BE-8349-CBD9079DFD8E}">
                    <parameters>
                      <datafieldname>ctd_datacapacitypercentconsumed</datafieldname>
                    </parameters>
                  </customControl>
                  <customControl formFactor="2" name="MscrmControls.Knob.ArcKnobControl">
                    <parameters>
                      <value>ctd_datacapacitypercentconsumed</value>
                      <min type="Decimal" static="true">0.0000000</min>
                      <max type="Decimal" static="true">100.0000000</max>
                      <step type="Currency" static="true">0.0100</step>
                    </parameters>
                  </customControl>
                  <customControl formFactor="1" name="MscrmControls.Knob.ArcKnobControl">
                    <parameters>
                      <value>ctd_datacapacitypercentconsumed</value>
                      <min type="Decimal" static="true">0.0000000</min>
                      <max type="Decimal" static="true">100.0000000</max>
                      <step type="Currency" static="true">0.0100</step>
                    </parameters>
                  </customControl>
                  <customControl formFactor="0" name="MscrmControls.Knob.ArcKnobControl">
                    <parameters>
                      <value>ctd_datacapacitypercentconsumed</value>
                      <min type="Decimal" static="true">0.0000000</min>
                      <max type="Decimal" static="true">100.0000000</max>
                      <step type="Currency" static="true">0.0100</step>
                    </parameters>
                  </customControl>
                </controlDescription>
              </controlDescriptions>
              <footer id="{e592ff0e-ee6e-4157-9f62-92c4934e829b}" celllabelposition="Top" columns="111" labelwidth="115" celllabelalignment="Left">
                <rows>
                  <row>
                    <cell id="{382bef79-fb8c-414d-964d-b58e3bdae780}" showlabel="false" labelid="{baf1456f-d3dd-471a-9fe9-7c8d4afc85d7}">
                      <labels>
                        <label description="" languagecode="1033" />
                      </labels>
                    </cell>
                    <cell id="{92ff766c-26e8-493d-b6d4-c7707880cc42}" showlabel="false" labelid="{61f026d5-dd78-4307-b459-becf4b778f23}">
                      <labels>
                        <label description="" languagecode="1033" />
                      </labels>
                    </cell>
                    <cell id="{48f5904b-dc61-490f-9ae8-73fc15fb8cc0}" showlabel="false" labelid="{16a04ae7-d77c-4e58-8652-04761addd4b9}">
                      <labels>
                        <label description="" languagecode="1033" />
                      </labels>
                    </cell>
                  </row>
                </rows>
              </footer>
              <DisplayConditions Order="1" FallbackForm="true">
                <Everyone />
              </DisplayConditions>
            </form>
            <IsCustomizable>1</IsCustomizable>
            <CanBeDeleted>1</CanBeDeleted>
            <LocalizedNames>
              <LocalizedName description=" main form" languagecode="1033" />
            </LocalizedNames>
            <Descriptions>
              <Description description="A form for this entity." languagecode="1033" />
            </Descriptions>
          </systemform>
        </forms>
      </FormXml>
      <SavedQueries>
        <savedqueries>
          <savedquery>
            <IsCustomizable>1</IsCustomizable>
            <CanBeDeleted>1</CanBeDeleted>
            <isquickfindquery>0</isquickfindquery>
            <isprivate>0</isprivate>
            <isdefault>0</isdefault>
            <savedqueryid>{2041d60a-8a02-eb11-a813-000d3a569653}</savedqueryid>
            <layoutxml>
              <grid name="resultset" jump="admin_displayname" select="1" icon="1" preview="1">
                <row name="result" id="admin_environmentid">
                  <cell name="admin_displayname" width="200" />
                  <cell name="admin_numberofapps" width="145" />
                  <cell name="admin_numberofflows" width="141" />
                  <cell name="ctd_datacapacitypercentconsumed" width="180" />
                  <cell name="ctd_datacapacityactualconsumption" width="171" />
                  <cell name="ctd_datacapacityratedconsumptiongb" width="183" />
                  <cell name="ctd_datacapacitytarget" width="170" />
                  <cell name="admin_environmentcdsinstanceurl" width="220" />
                  <cell name="admin_region" width="100" />
                </row>
              </grid>
            </layoutxml>
            <querytype>0</querytype>
            <fetchxml>
              <fetch version="1.0" output-format="xml-platform" mapping="logical">
    <entity name="admin_environment">
        <attribute name="admin_displayname" />
        <attribute name="admin_environmentid" />
        <attribute name="admin_numberofapps" />
        <attribute name="admin_numberofflows" />
        <attribute name="admin_region" />
        <attribute name="ctd_datacapacitytarget" />
        <attribute name="ctd_datacapacityactualconsumption" />
        <attribute name="admin_environmentcdsinstanceurl" />
        <attribute name="ctd_datacapacitypercentconsumed" />
        <filter type="and">
            <condition attribute="ctd_datacapacitypercentconsumed" operator="ge" value="80" />
            <condition attribute="admin_hascds" operator="eq" value="1" />
        </filter>
    <attribute name="ctd_datacapacityratedconsumptiongb" /></entity>
</fetch>
            </fetchxml>
            <IntroducedVersion>1.0.0.0</IntroducedVersion>
            <LocalizedNames>
              <LocalizedName description="Active Environments - capacity warning" languagecode="1033" />
            </LocalizedNames>
            <Descriptions>
              <Description description="Includes Data Capacity Targets &amp; Actuals" languagecode="1033" />
            </Descriptions>
          </savedquery>
          <savedquery>
            <IsCustomizable>1</IsCustomizable>
            <CanBeDeleted>1</CanBeDeleted>
            <isquickfindquery>0</isquickfindquery>
            <isprivate>0</isprivate>
            <isdefault>0</isdefault>
            <savedqueryid>{1d9f424d-8a02-eb11-a813-000d3a569653}</savedqueryid>
            <layoutxml>
              <grid name="resultset" jump="admin_displayname" select="1" icon="1" preview="1">
                <row name="result" id="admin_environmentid">
                  <cell name="admin_displayname" width="200" />
                  <cell name="admin_numberofapps" width="145" />
                  <cell name="admin_numberofflows" width="141" />
                  <cell name="ctd_datacapacitypercentconsumed" width="180" />
                  <cell name="ctd_datacapacityactualconsumption" width="171" />
                  <cell name="ctd_datacapacityratedconsumptiongb" width="182" />
                  <cell name="ctd_datacapacitytarget" width="170" />
                  <cell name="admin_environmentcdsinstanceurl" width="220" />
                  <cell name="admin_region" width="100" />
                </row>
              </grid>
            </layoutxml>
            <querytype>0</querytype>
            <fetchxml>
              <fetch version="1.0" output-format="xml-platform" mapping="logical">
    <entity name="admin_environment">
        <attribute name="admin_displayname" />
        <attribute name="admin_environmentid" />
        <attribute name="admin_numberofapps" />
        <attribute name="admin_numberofflows" />
        <attribute name="admin_region" />
        <attribute name="ctd_datacapacitytarget" />
        <attribute name="ctd_datacapacityactualconsumption" />
        <attribute name="admin_environmentcdsinstanceurl" />
        <attribute name="ctd_datacapacitypercentconsumed" />
        <filter type="and">
            <condition attribute="ctd_datacapacitypercentconsumed" operator="ge" value="100" />
            <condition attribute="admin_hascds" operator="eq" value="1" />
        </filter>
    <attribute name="ctd_datacapacityratedconsumptiongb" /></entity>
</fetch>
            </fetchxml>
            <IntroducedVersion>1.0.0.0</IntroducedVersion>
            <LocalizedNames>
              <LocalizedName description="Active Environments - over capacity" languagecode="1033" />
            </LocalizedNames>
            <Descriptions>
              <Description description="Includes Data Capacity Targets &amp; Actuals" languagecode="1033" />
            </Descriptions>
          </savedquery>
          <savedquery>
            <IsCustomizable>1</IsCustomizable>
            <CanBeDeleted>1</CanBeDeleted>
            <isquickfindquery>0</isquickfindquery>
            <isprivate>0</isprivate>
            <isdefault>0</isdefault>
            <savedqueryid>{04cfce1c-8702-eb11-a813-000d3a569653}</savedqueryid>
            <layoutxml>
              <grid name="resultset" jump="admin_displayname" select="1" icon="1" preview="1">
                <row name="result" id="admin_environmentid">
                  <cell name="admin_displayname" width="200" />
                  <cell name="admin_numberofapps" width="145" />
                  <cell name="admin_numberofflows" width="141" />
                  <cell name="ctd_datacapacitypercentconsumed" width="150" />
                  <cell name="ctd_datacapacityactualconsumption" width="171" />
                  <cell name="ctd_datacapacityratedconsumptiongb" width="180" />
                  <cell name="ctd_datacapacitytarget" width="171" />
                  <cell name="admin_environmentcdsinstanceurl" width="220" />
                  <cell name="admin_region" width="100" />
                </row>
              </grid>
            </layoutxml>
            <querytype>0</querytype>
            <fetchxml>
              <fetch version="1.0" output-format="xml-platform" mapping="logical">
    <entity name="admin_environment">
        <attribute name="admin_displayname" />
        <attribute name="admin_environmentid" />
        <attribute name="admin_numberofapps" />
        <attribute name="admin_numberofflows" />
        <attribute name="admin_region" />
        <attribute name="ctd_datacapacitytarget" />
        <attribute name="ctd_datacapacityactualconsumption" />
        <attribute name="admin_environmentcdsinstanceurl" />
        <attribute name="ctd_datacapacitypercentconsumed" />
        <filter type="and">
            <condition attribute="admin_hascds" operator="eq" value="1" />
        </filter>
    <attribute name="ctd_datacapacityratedconsumptiongb" /></entity>
</fetch>
            </fetchxml>
            <IntroducedVersion>1.0.0.0</IntroducedVersion>
            <LocalizedNames>
              <LocalizedName description="Active Environments with Capacity" languagecode="1033" />
            </LocalizedNames>
            <Descriptions>
              <Description description="Includes Data Capacity Targets &amp; Actuals" languagecode="1033" />
            </Descriptions>
          </savedquery>
        </savedqueries>
      </SavedQueries>
      <Visualizations>
        <visualization>
          <savedqueryvisualizationid>{68D723CC-8702-EB11-A813-000D3A569653}</savedqueryvisualizationid>
          <datadescription>
            <datadefinition>
              <fetchcollection>
                <fetch mapping="logical" aggregate="true">
                  <entity name="admin_environment">
                    <attribute name="admin_displayname" groupby="true" alias="_CRMAutoGen_groupby_column_Num_13" />
                    <attribute name="ctd_datacapacitypercentconsumed" aggregate="sum" alias="_CRMAutoGen_aggregate_column_Num_14" />
                  </entity>
                </fetch>
              </fetchcollection>
              <categorycollection>
                <category alias="_CRMAutoGen_groupby_column_Num_13">
                  <measurecollection>
                    <measure alias="_CRMAutoGen_aggregate_column_Num_14" />
                  </measurecollection>
                </category>
              </categorycollection>
            </datadefinition>
          </datadescription>
          <presentationdescription>
            <Chart Palette="None" PaletteCustomColors="91,151,213; 237,125,49; 160,116,166; 255,192,0; 68,114,196; 112,173,71; 37,94,145; 158,72,14; 117,55,125; 153,115,0; 38,68,120; 67,104,43; 124,175,221; 241,151,90; 186,144,192; 255,205,51; 105,142,208; 140,193,104; 50,125,194; 210,96,18; 150,83,159; 204,154,0; 51,90,161; 90,138,57;">
              <Series>
                <Series ChartType="Bar" IsValueShownAsLabel="True" Font="{0}, 9.5px" LabelForeColor="59, 59, 59" CustomProperties="PointWidth=0.75, MaxPixelPointWidth=40">
                  <SmartLabelStyle Enabled="True" />
                </Series>
              </Series>
              <ChartAreas>
                <ChartArea BorderColor="White" BorderDashStyle="Solid">
                  <AxisY LabelAutoFitMinFontSize="8" TitleForeColor="59, 59, 59" TitleFont="{0}, 10.5px" LineColor="165, 172, 181" IntervalAutoMode="VariableCount">
                    <MajorGrid LineColor="239, 242, 246" />
                    <MajorTickMark LineColor="165, 172, 181" />
                    <LabelStyle Font="{0}, 10.5px" ForeColor="59, 59, 59" />
                  </AxisY>
                  <AxisX LabelAutoFitMinFontSize="8" TitleForeColor="59, 59, 59" TitleFont="{0}, 10.5px" LineColor="165, 172, 181" IntervalAutoMode="VariableCount">
                    <MajorTickMark LineColor="165, 172, 181" />
                    <MajorGrid LineColor="Transparent" />
                    <LabelStyle Font="{0}, 10.5px" ForeColor="59, 59, 59" />
                  </AxisX>
                </ChartArea>
              </ChartAreas>
              <Titles>
                <Title Alignment="TopLeft" DockingOffset="-3" Font="{0}, 13px" ForeColor="59, 59, 59" />
              </Titles>
              <Legends>
                <Legend Alignment="Center" LegendStyle="Table" Docking="right" IsEquallySpacedItems="True" Font="{0}, 11px" ShadowColor="0, 0, 0, 0" ForeColor="59, 59, 59" />
              </Legends>
            </Chart>
          </presentationdescription>
          <isdefault>0</isdefault>
          <LocalizedNames>
            <LocalizedName description="Environment Data Storage" languagecode="1033" />
          </LocalizedNames>
          <Descriptions>
            <Description description="Data storage target/actuals for each Environment." languagecode="1033" />
          </Descriptions>
          <IsCustomizable>1</IsCustomizable>
          <IntroducedVersion>1.0.0.0</IntroducedVersion>
          <CanBeDeleted>1</CanBeDeleted>
        </visualization>
      </Visualizations>
      <RibbonDiffXml>
        <CustomActions />
        <Templates>
          <RibbonTemplates Id="Mscrm.Templates"></RibbonTemplates>
        </Templates>
        <CommandDefinitions />
        <RuleDefinitions>
          <TabDisplayRules />
          <DisplayRules />
          <EnableRules />
        </RuleDefinitions>
        <LocLabels />
      </RibbonDiffXml>
    </Entity>
  </Entities>
  <Roles></Roles>
  <Workflows>
    <Workflow WorkflowId="{cf0660e6-3688-eb11-a812-0022480a0318}" Name="Log environment DB Consumption">
      <JsonFileName>/Workflows/LogenvironmentDBConsumption-CF0660E6-3688-EB11-A812-0022480A0318.json</JsonFileName>
      <Type>1</Type>
      <Subprocess>0</Subprocess>
      <Category>5</Category>
      <Mode>0</Mode>
      <Scope>4</Scope>
      <OnDemand>0</OnDemand>
      <TriggerOnCreate>0</TriggerOnCreate>
      <TriggerOnDelete>0</TriggerOnDelete>
      <AsyncAutodelete>0</AsyncAutodelete>
      <SyncWorkflowLogOnFailure>0</SyncWorkflowLogOnFailure>
      <StateCode>1</StateCode>
      <StatusCode>2</StatusCode>
      <RunAs>1</RunAs>
      <IsTransacted>1</IsTransacted>
      <IntroducedVersion>1.0.0.1</IntroducedVersion>
      <IsCustomizable>1</IsCustomizable>
      <BusinessProcessType>0</BusinessProcessType>
      <IsCustomProcessingStepAllowedForOtherPublishers>1</IsCustomProcessingStepAllowedForOtherPublishers>
      <PrimaryEntity>none</PrimaryEntity>
      <LocalizedNames>
        <LocalizedName languagecode="1033" description="Log environment DB Consumption" />
      </LocalizedNames>
    </Workflow>
  </Workflows>
  <FieldSecurityProfiles></FieldSecurityProfiles>
  <Templates />
  <EntityMaps />
  <EntityRelationships />
  <OrganizationSettings />
  <optionsets />
  <CustomControls />
  <EntityDataProviders />
  <Languages>
    <Language>1033</Language>
  </Languages>
</ImportExportXml>