<ImportExportXml version="9.2.21022.137" SolutionPackageVersion="9.2" languagecode="1033" generatedBy="CrmLive" xmlns:xsi="http://www.w3.org/2001/XMLSchema-instance">
  <SolutionManifest>
    <UniqueName>CoECapacityExtension</UniqueName>
    <LocalizedNames>
      <LocalizedName description="CoE - Capacity Extension" languagecode="1033" />
    </LocalizedNames>
    <Descriptions />
    <Version>2.1.0.3</Version>
    <Managed>0</Managed>
    <Publisher>
      <UniqueName>connectingthedata</UniqueName>
      <LocalizedNames>
        <LocalizedName description="Connecting the Data" languagecode="1033" />
      </LocalizedNames>
      <Descriptions />
      <EMailAddress>anderson.matthew@microsoft.com</EMailAddress>
      <SupportingWebsiteUrl>http://connectingthedata.com</SupportingWebsiteUrl>
      <CustomizationPrefix>ctd</CustomizationPrefix>
      <CustomizationOptionValuePrefix>96169</CustomizationOptionValuePrefix>
      <Addresses>
        <Address>
          <AddressNumber>1</AddressNumber>
          <AddressTypeCode>1</AddressTypeCode>
          <City xsi:nil="true"></City>
          <County xsi:nil="true"></County>
          <Country xsi:nil="true"></Country>
          <Fax xsi:nil="true"></Fax>
          <FreightTermsCode xsi:nil="true"></FreightTermsCode>
          <ImportSequenceNumber xsi:nil="true"></ImportSequenceNumber>
          <Latitude xsi:nil="true"></Latitude>
          <Line1 xsi:nil="true"></Line1>
          <Line2 xsi:nil="true"></Line2>
          <Line3 xsi:nil="true"></Line3>
          <Longitude xsi:nil="true"></Longitude>
          <Name xsi:nil="true"></Name>
          <PostalCode xsi:nil="true"></PostalCode>
          <PostOfficeBox xsi:nil="true"></PostOfficeBox>
          <PrimaryContactName xsi:nil="true"></PrimaryContactName>
          <ShippingMethodCode>1</ShippingMethodCode>
          <StateOrProvince xsi:nil="true"></StateOrProvince>
          <Telephone1 xsi:nil="true"></Telephone1>
          <Telephone2 xsi:nil="true"></Telephone2>
          <Telephone3 xsi:nil="true"></Telephone3>
          <TimeZoneRuleVersionNumber xsi:nil="true"></TimeZoneRuleVersionNumber>
          <UPSZone xsi:nil="true"></UPSZone>
          <UTCOffset xsi:nil="true"></UTCOffset>
          <UTCConversionTimeZoneCode xsi:nil="true"></UTCConversionTimeZoneCode>
        </Address>
        <Address>
          <AddressNumber>2</AddressNumber>
          <AddressTypeCode>1</AddressTypeCode>
          <City xsi:nil="true"></City>
          <County xsi:nil="true"></County>
          <Country xsi:nil="true"></Country>
          <Fax xsi:nil="true"></Fax>
          <FreightTermsCode xsi:nil="true"></FreightTermsCode>
          <ImportSequenceNumber xsi:nil="true"></ImportSequenceNumber>
          <Latitude xsi:nil="true"></Latitude>
          <Line1 xsi:nil="true"></Line1>
          <Line2 xsi:nil="true"></Line2>
          <Line3 xsi:nil="true"></Line3>
          <Longitude xsi:nil="true"></Longitude>
          <Name xsi:nil="true"></Name>
          <PostalCode xsi:nil="true"></PostalCode>
          <PostOfficeBox xsi:nil="true"></PostOfficeBox>
          <PrimaryContactName xsi:nil="true"></PrimaryContactName>
          <ShippingMethodCode>1</ShippingMethodCode>
          <StateOrProvince xsi:nil="true"></StateOrProvince>
          <Telephone1 xsi:nil="true"></Telephone1>
          <Telephone2 xsi:nil="true"></Telephone2>
          <Telephone3 xsi:nil="true"></Telephone3>
          <TimeZoneRuleVersionNumber xsi:nil="true"></TimeZoneRuleVersionNumber>
          <UPSZone xsi:nil="true"></UPSZone>
          <UTCOffset xsi:nil="true"></UTCOffset>
          <UTCConversionTimeZoneCode xsi:nil="true"></UTCConversionTimeZoneCode>
        </Address>
      </Addresses>
    </Publisher>
    <RootComponents>
      <RootComponent type="1" schemaName="admin_environment" behavior="2" />
      <RootComponent type="29" id="{cf0660e6-3688-eb11-a812-0022480a0318}" behavior="0" />
      <RootComponent type="60" id="{45c7c71a-a302-eb11-a813-000d3a569653}" behavior="0" />
    </RootComponents>
    <MissingDependencies>
      <MissingDependency>
        <Required key="0" type="1" schemaName="admin_environment" displayName="Environment" solution="CenterofExcellenceCoreComponents (1.89)" />
        <Dependent key="0" type="1" schemaName="admin_environment" displayName="Environment" />
      </MissingDependency>
      <MissingDependency>
        <Required key="1" type="1" schemaName="admin_flow" displayName="Flow" solution="CenterofExcellenceCoreComponents (1.89)" />
        <Dependent key="2" type="60" displayName=" main form" parentDisplayName="Environment" id="{45c7c71a-a302-eb11-a813-000d3a569653}" />
      </MissingDependency>
      <MissingDependency>
        <Required key="3" type="1" schemaName="admin_app" displayName="PowerApps App" solution="CenterofExcellenceCoreComponents (1.89)" />
        <Dependent key="2" type="60" displayName=" main form" parentDisplayName="Environment" id="{45c7c71a-a302-eb11-a813-000d3a569653}" />
      </MissingDependency>
      <MissingDependency>
        <Required key="4" type="2" schemaName="ownerid" displayName="Owner" parentSchemaName="admin_environment" parentDisplayName="Environment" solution="Active" />
        <Dependent key="2" type="60" displayName=" main form" parentDisplayName="Environment" id="{45c7c71a-a302-eb11-a813-000d3a569653}" />
      </MissingDependency>
      <MissingDependency>
        <Required key="5" type="2" schemaName="admin_numberofflows" displayName="Number Of Flows" parentSchemaName="admin_environment" parentDisplayName="Environment" solution="CenterofExcellenceCoreComponents (1.89)" />
        <Dependent key="2" type="60" displayName=" main form" parentDisplayName="Environment" id="{45c7c71a-a302-eb11-a813-000d3a569653}" />
      </MissingDependency>
      <MissingDependency>
        <Required key="6" type="2" schemaName="admin_numberofapps" displayName="Number Of Apps" parentSchemaName="admin_environment" parentDisplayName="Environment" solution="CenterofExcellenceCoreComponents (1.89)" />
        <Dependent key="2" type="60" displayName=" main form" parentDisplayName="Environment" id="{45c7c71a-a302-eb11-a813-000d3a569653}" />
      </MissingDependency>
      <MissingDependency>
        <Required key="7" type="2" schemaName="admin_environmentcreatedon" displayName="Environment Created On" parentSchemaName="admin_environment" parentDisplayName="Environment" solution="CenterofExcellenceCoreComponents (1.89)" />
        <Dependent key="2" type="60" displayName=" main form" parentDisplayName="Environment" id="{45c7c71a-a302-eb11-a813-000d3a569653}" />
      </MissingDependency>
      <MissingDependency>
        <Required key="8" type="2" schemaName="admin_displayname" displayName="Display Name" parentSchemaName="admin_environment" parentDisplayName="Environment" solution="CenterofExcellenceCoreComponents (1.89)" />
        <Dependent key="2" type="60" displayName=" main form" parentDisplayName="Environment" id="{45c7c71a-a302-eb11-a813-000d3a569653}" />
      </MissingDependency>
      <MissingDependency>
        <Required key="9" type="2" schemaName="admin_maker" displayName="Environment Maker" parentSchemaName="admin_environment" parentDisplayName="Environment" solution="CenterofExcellenceCoreComponents (1.89)" />
        <Dependent key="2" type="60" displayName=" main form" parentDisplayName="Environment" id="{45c7c71a-a302-eb11-a813-000d3a569653}" />
      </MissingDependency>
      <MissingDependency>
        <Required key="10" type="10" schemaName="admin_Flow_FlowEnvironment_admin_Environm" displayName="admin_Flow_FlowEnvironment_admin_Environm" parentSchemaName="admin_environment" parentDisplayName="Environment" solution="CenterofExcellenceCoreComponents (1.89)" />
        <Dependent key="2" type="60" displayName=" main form" parentDisplayName="Environment" id="{45c7c71a-a302-eb11-a813-000d3a569653}" />
      </MissingDependency>
      <MissingDependency>
        <Required key="11" type="10" schemaName="admin_EnvironmentMaker" displayName="admin_EnvironmentMaker" parentSchemaName="admin_maker" parentDisplayName="Maker" solution="CenterofExcellenceCoreComponents (1.89)" />
        <Dependent key="2" type="60" displayName=" main form" parentDisplayName="Environment" id="{45c7c71a-a302-eb11-a813-000d3a569653}" />
      </MissingDependency>
      <MissingDependency>
        <Required key="12" type="10" schemaName="admin_rel_AppEnvironment" displayName="admin_rel_AppEnvironment" parentSchemaName="admin_environment" parentDisplayName="Environment" solution="CenterofExcellenceCoreComponents (1.89)" />
        <Dependent key="2" type="60" displayName=" main form" parentDisplayName="Environment" id="{45c7c71a-a302-eb11-a813-000d3a569653}" />
      </MissingDependency>
      <MissingDependency>
        <Required key="13" type="26" schemaName="All Apps" displayName="All Apps" parentSchemaName="admin_app" parentDisplayName="PowerApps App" solution="CenterofExcellenceCoreComponents (1.89)" id="{c454b997-4940-436b-b2db-31f344ddc4bf}" />
        <Dependent key="2" type="60" displayName=" main form" parentDisplayName="Environment" id="{45c7c71a-a302-eb11-a813-000d3a569653}" />
      </MissingDependency>
      <MissingDependency>
        <Required key="14" type="26" schemaName="Flows Subgrid View" displayName="Flows Subgrid View" parentSchemaName="admin_flow" parentDisplayName="Flow" solution="CenterofExcellenceCoreComponents (1.89)" id="{59e986b5-c270-e911-a833-000d3a375590}" />
        <Dependent key="2" type="60" displayName=" main form" parentDisplayName="Environment" id="{45c7c71a-a302-eb11-a813-000d3a569653}" />
      </MissingDependency>
      <MissingDependency>
        <Required key="15" type="26" schemaName="Maker Lookup View" displayName="Maker Lookup View" parentSchemaName="admin_maker" parentDisplayName="Maker" solution="CenterofExcellenceCoreComponents (1.89)" id="{32cb5052-a761-447d-b592-5641a097a171}" />
        <Dependent key="2" type="60" displayName=" main form" parentDisplayName="Environment" id="{45c7c71a-a302-eb11-a813-000d3a569653}" />
      </MissingDependency>
      <MissingDependency>
        <Required key="16" type="26" schemaName="Active Flows" displayName="Active Flows" parentSchemaName="admin_flow" parentDisplayName="Flow" solution="CenterofExcellenceCoreComponents (1.89)" id="{3b6d0cb9-b36d-4ac9-a5c4-3ff2fdd92c89}" />
        <Dependent key="2" type="60" displayName=" main form" parentDisplayName="Environment" id="{45c7c71a-a302-eb11-a813-000d3a569653}" />
      </MissingDependency>
      <MissingDependency>
        <Required key="17" type="26" schemaName="Apps Subgrid View" displayName="Apps Subgrid View" parentSchemaName="admin_app" parentDisplayName="PowerApps App" solution="CenterofExcellenceCoreComponents (1.89)" id="{eefe7aed-996e-e911-a83d-000d3a375888}" />
        <Dependent key="2" type="60" displayName=" main form" parentDisplayName="Environment" id="{45c7c71a-a302-eb11-a813-000d3a569653}" />
      </MissingDependency>
      <MissingDependency>
        <Required key="18" type="66" schemaName="MscrmControls.Knob.ArcKnobControl" displayName="MscrmControls.Knob.ArcKnobControl" solution="CustomControlsCore (9.2.21022.00137)" />
        <Dependent key="2" type="60" displayName=" main form" parentDisplayName="Environment" id="{45c7c71a-a302-eb11-a813-000d3a569653}" />
      </MissingDependency>
      <MissingDependency>
        <Required key="19" type="2" schemaName="admin_environmentid" displayName="Environment" parentSchemaName="admin_environment" parentDisplayName="Environment" solution="CenterofExcellenceCoreComponents (1.89)" />
        <Dependent key="20" type="26" schemaName="Active Environments with Capacity" displayName="Active Environments with Capacity" parentSchemaName="admin_environment" parentDisplayName="Environment" id="{04cfce1c-8702-eb11-a813-000d3a569653}" />
      </MissingDependency>
      <MissingDependency>
        <Required key="21" type="2" schemaName="admin_region" displayName="Environment Region" parentSchemaName="admin_environment" parentDisplayName="Environment" solution="CenterofExcellenceCoreComponents (1.89)" />
        <Dependent key="20" type="26" schemaName="Active Environments with Capacity" displayName="Active Environments with Capacity" parentSchemaName="admin_environment" parentDisplayName="Environment" id="{04cfce1c-8702-eb11-a813-000d3a569653}" />
      </MissingDependency>
      <MissingDependency>
        <Required key="22" type="2" schemaName="admin_hascds" displayName="hasCDS" parentSchemaName="admin_environment" parentDisplayName="Environment" solution="CenterofExcellenceCoreComponents (1.89)" />
        <Dependent key="20" type="26" schemaName="Active Environments with Capacity" displayName="Active Environments with Capacity" parentSchemaName="admin_environment" parentDisplayName="Environment" id="{04cfce1c-8702-eb11-a813-000d3a569653}" />
      </MissingDependency>
      <MissingDependency>
        <Required key="5" type="2" schemaName="admin_numberofflows" displayName="Number Of Flows" parentSchemaName="admin_environment" parentDisplayName="Environment" solution="CenterofExcellenceCoreComponents (1.89)" />
        <Dependent key="20" type="26" schemaName="Active Environments with Capacity" displayName="Active Environments with Capacity" parentSchemaName="admin_environment" parentDisplayName="Environment" id="{04cfce1c-8702-eb11-a813-000d3a569653}" />
      </MissingDependency>
      <MissingDependency>
        <Required key="8" type="2" schemaName="admin_displayname" displayName="Display Name" parentSchemaName="admin_environment" parentDisplayName="Environment" solution="CenterofExcellenceCoreComponents (1.89)" />
        <Dependent key="20" type="26" schemaName="Active Environments with Capacity" displayName="Active Environments with Capacity" parentSchemaName="admin_environment" parentDisplayName="Environment" id="{04cfce1c-8702-eb11-a813-000d3a569653}" />
      </MissingDependency>
      <MissingDependency>
        <Required key="6" type="2" schemaName="admin_numberofapps" displayName="Number Of Apps" parentSchemaName="admin_environment" parentDisplayName="Environment" solution="CenterofExcellenceCoreComponents (1.89)" />
        <Dependent key="20" type="26" schemaName="Active Environments with Capacity" displayName="Active Environments with Capacity" parentSchemaName="admin_environment" parentDisplayName="Environment" id="{04cfce1c-8702-eb11-a813-000d3a569653}" />
      </MissingDependency>
      <MissingDependency>
        <Required key="23" type="2" schemaName="admin_environmentcdsinstanceurl" displayName="Environment CDS Instance URL" parentSchemaName="admin_environment" parentDisplayName="Environment" solution="CenterofExcellenceCoreComponents (1.89)" />
        <Dependent key="20" type="26" schemaName="Active Environments with Capacity" displayName="Active Environments with Capacity" parentSchemaName="admin_environment" parentDisplayName="Environment" id="{04cfce1c-8702-eb11-a813-000d3a569653}" />
      </MissingDependency>
      <MissingDependency>
        <Required key="21" type="2" schemaName="admin_region" displayName="Environment Region" parentSchemaName="admin_environment" parentDisplayName="Environment" solution="CenterofExcellenceCoreComponents (1.89)" />
        <Dependent key="24" type="26" schemaName="Active Environments - capacity warning" displayName="Active Environments - capacity warning" parentSchemaName="admin_environment" parentDisplayName="Environment" id="{2041d60a-8a02-eb11-a813-000d3a569653}" />
      </MissingDependency>
      <MissingDependency>
        <Required key="5" type="2" schemaName="admin_numberofflows" displayName="Number Of Flows" parentSchemaName="admin_environment" parentDisplayName="Environment" solution="CenterofExcellenceCoreComponents (1.89)" />
        <Dependent key="24" type="26" schemaName="Active Environments - capacity warning" displayName="Active Environments - capacity warning" parentSchemaName="admin_environment" parentDisplayName="Environment" id="{2041d60a-8a02-eb11-a813-000d3a569653}" />
      </MissingDependency>
      <MissingDependency>
        <Required key="22" type="2" schemaName="admin_hascds" displayName="hasCDS" parentSchemaName="admin_environment" parentDisplayName="Environment" solution="CenterofExcellenceCoreComponents (1.89)" />
        <Dependent key="24" type="26" schemaName="Active Environments - capacity warning" displayName="Active Environments - capacity warning" parentSchemaName="admin_environment" parentDisplayName="Environment" id="{2041d60a-8a02-eb11-a813-000d3a569653}" />
      </MissingDependency>
      <MissingDependency>
        <Required key="8" type="2" schemaName="admin_displayname" displayName="Display Name" parentSchemaName="admin_environment" parentDisplayName="Environment" solution="CenterofExcellenceCoreComponents (1.89)" />
        <Dependent key="24" type="26" schemaName="Active Environments - capacity warning" displayName="Active Environments - capacity warning" parentSchemaName="admin_environment" parentDisplayName="Environment" id="{2041d60a-8a02-eb11-a813-000d3a569653}" />
      </MissingDependency>
      <MissingDependency>
        <Required key="23" type="2" schemaName="admin_environmentcdsinstanceurl" displayName="Environment CDS Instance URL" parentSchemaName="admin_environment" parentDisplayName="Environment" solution="CenterofExcellenceCoreComponents (1.89)" />
        <Dependent key="24" type="26" schemaName="Active Environments - capacity warning" displayName="Active Environments - capacity warning" parentSchemaName="admin_environment" parentDisplayName="Environment" id="{2041d60a-8a02-eb11-a813-000d3a569653}" />
      </MissingDependency>
      <MissingDependency>
        <Required key="19" type="2" schemaName="admin_environmentid" displayName="Environment" parentSchemaName="admin_environment" parentDisplayName="Environment" solution="CenterofExcellenceCoreComponents (1.89)" />
        <Dependent key="24" type="26" schemaName="Active Environments - capacity warning" displayName="Active Environments - capacity warning" parentSchemaName="admin_environment" parentDisplayName="Environment" id="{2041d60a-8a02-eb11-a813-000d3a569653}" />
      </MissingDependency>
      <MissingDependency>
        <Required key="6" type="2" schemaName="admin_numberofapps" displayName="Number Of Apps" parentSchemaName="admin_environment" parentDisplayName="Environment" solution="CenterofExcellenceCoreComponents (1.89)" />
        <Dependent key="24" type="26" schemaName="Active Environments - capacity warning" displayName="Active Environments - capacity warning" parentSchemaName="admin_environment" parentDisplayName="Environment" id="{2041d60a-8a02-eb11-a813-000d3a569653}" />
      </MissingDependency>
      <MissingDependency>
        <Required key="5" type="2" schemaName="admin_numberofflows" displayName="Number Of Flows" parentSchemaName="admin_environment" parentDisplayName="Environment" solution="CenterofExcellenceCoreComponents (1.89)" />
        <Dependent key="25" type="26" schemaName="Active Environments - over capacity" displayName="Active Environments - over capacity" parentSchemaName="admin_environment" parentDisplayName="Environment" id="{1d9f424d-8a02-eb11-a813-000d3a569653}" />
      </MissingDependency>
      <MissingDependency>
        <Required key="6" type="2" schemaName="admin_numberofapps" displayName="Number Of Apps" parentSchemaName="admin_environment" parentDisplayName="Environment" solution="CenterofExcellenceCoreComponents (1.89)" />
        <Dependent key="25" type="26" schemaName="Active Environments - over capacity" displayName="Active Environments - over capacity" parentSchemaName="admin_environment" parentDisplayName="Environment" id="{1d9f424d-8a02-eb11-a813-000d3a569653}" />
      </MissingDependency>
      <MissingDependency>
        <Required key="23" type="2" schemaName="admin_environmentcdsinstanceurl" displayName="Environment CDS Instance URL" parentSchemaName="admin_environment" parentDisplayName="Environment" solution="CenterofExcellenceCoreComponents (1.89)" />
        <Dependent key="25" type="26" schemaName="Active Environments - over capacity" displayName="Active Environments - over capacity" parentSchemaName="admin_environment" parentDisplayName="Environment" id="{1d9f424d-8a02-eb11-a813-000d3a569653}" />
      </MissingDependency>
      <MissingDependency>
        <Required key="21" type="2" schemaName="admin_region" displayName="Environment Region" parentSchemaName="admin_environment" parentDisplayName="Environment" solution="CenterofExcellenceCoreComponents (1.89)" />
        <Dependent key="25" type="26" schemaName="Active Environments - over capacity" displayName="Active Environments - over capacity" parentSchemaName="admin_environment" parentDisplayName="Environment" id="{1d9f424d-8a02-eb11-a813-000d3a569653}" />
      </MissingDependency>
      <MissingDependency>
        <Required key="8" type="2" schemaName="admin_displayname" displayName="Display Name" parentSchemaName="admin_environment" parentDisplayName="Environment" solution="CenterofExcellenceCoreComponents (1.89)" />
        <Dependent key="25" type="26" schemaName="Active Environments - over capacity" displayName="Active Environments - over capacity" parentSchemaName="admin_environment" parentDisplayName="Environment" id="{1d9f424d-8a02-eb11-a813-000d3a569653}" />
      </MissingDependency>
      <MissingDependency>
        <Required key="19" type="2" schemaName="admin_environmentid" displayName="Environment" parentSchemaName="admin_environment" parentDisplayName="Environment" solution="CenterofExcellenceCoreComponents (1.89)" />
        <Dependent key="25" type="26" schemaName="Active Environments - over capacity" displayName="Active Environments - over capacity" parentSchemaName="admin_environment" parentDisplayName="Environment" id="{1d9f424d-8a02-eb11-a813-000d3a569653}" />
      </MissingDependency>
      <MissingDependency>
        <Required key="22" type="2" schemaName="admin_hascds" displayName="hasCDS" parentSchemaName="admin_environment" parentDisplayName="Environment" solution="CenterofExcellenceCoreComponents (1.89)" />
        <Dependent key="25" type="26" schemaName="Active Environments - over capacity" displayName="Active Environments - over capacity" parentSchemaName="admin_environment" parentDisplayName="Environment" id="{1d9f424d-8a02-eb11-a813-000d3a569653}" />
      </MissingDependency>
      <MissingDependency>
        <Required key="8" type="2" schemaName="admin_displayname" displayName="Display Name" parentSchemaName="admin_environment" parentDisplayName="Environment" solution="CenterofExcellenceCoreComponents (1.89)" />
        <Dependent key="26" type="59" schemaName="Environment Data Storage" displayName="Environment Data Storage" parentSchemaName="admin_environment" parentDisplayName="Environment" id="{68d723cc-8702-eb11-a813-000d3a569653}" />
      </MissingDependency>
      <MissingDependency>
        <Required key="19" type="2" schemaName="admin_environmentid" displayName="Environment" parentSchemaName="admin_environment" parentDisplayName="Environment" solution="CenterofExcellenceCoreComponents (1.89)" />
        <Dependent key="27" type="2" schemaName="ctd_datacapacitypercentconsumed" displayName="Data Capacity (Percent Consumed)" parentSchemaName="admin_environment" parentDisplayName="Environment" />
      </MissingDependency>
    </MissingDependencies>
  </SolutionManifest>
</ImportExportXml>