{"properties":{"connectionReferences":{"shared_powerplatformforadmins":{"runtimeSource":"embedded","connection":{},"api":{"name":"shared_powerplatformforadmins"}},"shared_commondataserviceforapps":{"runtimeSource":"embedded","connection":{},"api":{"name":"shared_commondataserviceforapps"}}},"definition":{"$schema":"https://schema.management.azure.com/providers/Microsoft.Logic/schemas/2016-06-01/workflowdefinition.json#","contentVersion":"1.0.0.0","parameters":{"$connections":{"defaultValue":{},"type":"Object"},"$authentication":{"defaultValue":{},"type":"SecureObject"}},"triggers":{"Every_Day":{"recurrence":{"frequency":"Day","interval":1,"timeZone":"Central Standard Time","schedule":{"hours":["0"]}},"type":"Recurrence"}},"actions":{"List_Environments_as_Admin":{"runAfter":{},"type":"OpenApiConnection","inputs":{"host":{"connectionName":"shared_powerplatformforadmins","operationId":"Get-AdminEnvironment","apiId":"/providers/Microsoft.PowerApps/apis/shared_powerplatformforadmins"},"parameters":{"api-version":"2020-10-01","$expand":"properties.capacity"},"authentication":"@parameters('$authentication')"}},"Environments_with_Dataverse":{"runAfter":{"List_Environments_as_Admin":["Succeeded"]},"type":"Query","inputs":{"from":"@outputs('List_Environments_as_Admin')?['body/value']","where":"@not(equals(item()?['properties/linkedEnvironmentMetadata'], null))"}},"For_each_environment":{"foreach":"@body('Environments_with_Dataverse')","actions":{"Compose_each_environment":{"runAfter":{},"type":"Compose","inputs":"@items('For_each_environment')"},"Parse_JSON":{"runAfter":{"Compose_each_environment":["Succeeded"]},"type":"ParseJson","inputs":{"content":"@outputs('Compose_each_environment')","schema":{"type":"object","properties":{"id":{"type":"string"},"type":{"type":"string"},"location":{"type":"string"},"name":{"type":"string"},"properties":{"type":"object","properties":{"azureRegion":{"type":"string"},"displayName":{"type":"string"},"createdTime":{"type":"string"},"createdBy":{"type":"object","properties":{"id":{"type":"string"},"displayName":{"type":"string"},"email":{"type":"string"},"type":{"type":"string"},"tenantId":{"type":"string"},"userPrincipalName":{"type":"string"}}},"lastModifiedTime":{"type":"string"},"lastModifiedBy":{"type":"object","properties":{"id":{"type":"string"},"displayName":{"type":"string"},"email":{"type":"string"},"type":{"type":"string"},"tenantId":{"type":"string"},"userPrincipalName":{"type":"string"}}},"provisioningState":{"type":"string"},"creationType":{"type":"string"},"environmentSku":{"type":"string"},"isDefault":{"type":"boolean"},"capacity":{"type":"array","items":{"type":"object","properties":{"capacityType":{"type":"string"},"actualConsumption":{"type":"number"},"ratedConsumption":{"type":"number"},"capacityUnit":{"type":"string"},"updatedOn":{"type":"string"}},"required":["capacityType","actualConsumption","ratedConsumption","capacityUnit","updatedOn"]}},"addons":{"type":"array"},"clientUris":{"type":"object","properties":{"admin":{"type":"string"},"maker":{"type":"string"}}},"runtimeEndpoints":{"type":"object","properties":{"microsoft.BusinessAppPlatform":{"type":"string"},"microsoft.CommonDataModel":{"type":"string"},"microsoft.PowerApps":{"type":"string"},"microsoft.Flow":{"type":"string"},"microsoft.PowerAppsAdvisor":{"type":"string"},"microsoft.ApiManagement":{"type":"string"}}},"databaseType":{"type":"string"},"linkedEnvironmentMetadata":{"type":"object","properties":{"resourceId":{"type":"string"},"friendlyName":{"type":"string"},"uniqueName":{"type":"string"},"domainName":{"type":"string"},"version":{"type":"string"},"instanceUrl":{"type":"string"},"instanceApiUrl":{"type":"string"},"baseLanguage":{"type":"integer"},"instanceState":{"type":"string"},"createdTime":{"type":"string"},"backgroundOperationsState":{"type":"string"},"scaleGroup":{"type":"string"},"platformSku":{"type":"string"}}},"notificationMetadata":{"type":"object","properties":{"state":{"type":"string"},"branding":{"type":"string"}}},"retentionPeriod":{"type":"string"},"states":{"type":"object","properties":{"management":{"type":"object","properties":{"id":{"type":"string"}}},"runtime":{"type":"object","properties":{"id":{"type":"string"}}}}},"updateCadence":{"type":"object","properties":{"id":{"type":"string"}}},"retentionDetails":{"type":"object","properties":{"retentionPeriod":{"type":"string"},"backupsAvailableFromDateTime":{"type":"string"}}},"protectionStatus":{"type":"object","properties":{"keyManagedBy":{"type":"string"}}},"cluster":{"type":"object","properties":{"category":{"type":"string"},"number":{"type":"string"}}},"connectedGroups":{"type":"array"}}}}}}},"Name_Length":{"runAfter":{"Filter_array_for_Database_Capacity":["Succeeded"]},"type":"Compose","inputs":"@sub(length(body('Parse_JSON')?['name']),36)"},"Remove_any_environment_name_prefix":{"runAfter":{"Name_Length":["Succeeded"]},"type":"Compose","inputs":"@substring(body('Parse_JSON')?['name'],outputs('Name_Length'),36)"},"Update_Environment_record_with_capacity":{"runAfter":{"Remove_any_environment_name_prefix":["Succeeded"]},"type":"OpenApiConnection","inputs":{"host":{"connectionName":"shared_commondataserviceforapps","operationId":"UpdateRecord","apiId":"/providers/Microsoft.PowerApps/apis/shared_commondataserviceforapps"},"parameters":{"entityName":"admin_environments","recordId":"@outputs('Remove_any_environment_name_prefix')","item/ctd_datacapacityactualconsumption":"@div(first(body('Filter_array_for_Database_Capacity')). actualConsumption,1000)"},"authentication":"@parameters('$authentication')"}},"Filter_array_for_Database_Capacity":{"runAfter":{"Parse_JSON":["Succeeded"]},"type":"Query","inputs":{"from":"@items('For_each_environment')?['properties/capacity']","where":"@equals(item()?['capacityType'], 'Database')"}}},"runAfter":{"Environments_with_Dataverse":["Succeeded"]},"type":"Foreach"}},"outputs":{}}},"schemaVersion":"1.0.0.0"}